<ImportExportXml xmlns:xsi="http://www.w3.org/2001/XMLSchema-instance">
  <Entities></Entities>
  <Roles></Roles>
  <Workflows></Workflows>
  <FieldSecurityProfiles></FieldSecurityProfiles>
  <Templates />
  <EntityMaps />
  <EntityRelationships />
  <OrganizationSettings />
  <optionsets />
  <CustomControls />
  <ServiceEndpoints>
    <ServiceEndpoint ServiceEndpointId="{ffc4fd93-ccc5-eb11-bacc-000d3a9a32f7}" Name="DScheduler WebHook">
      <ConnectionMode>1</ConnectionMode>
      <Contract>8</Contract>
      <Path> </Path>
      <SolutionNamespace> </SolutionNamespace>
      <UserClaim>1</UserClaim>
      <IsCustomizable>1</IsCustomizable>
      <AuthType>4</AuthType>
      <MessageFormat>2</MessageFormat>
      <NamespaceFormat>1</NamespaceFormat>
      <Url>https://donostekworkflowschedulerazure.azurewebsites.net/api/WorkflowScheduler</Url>
      <UseKeyVaultConfiguration>0</UseKeyVaultConfiguration>
    </ServiceEndpoint>
  </ServiceEndpoints>
  <EntityDataProviders />
  <Languages>
    <Language>1033</Language>
  </Languages>
</ImportExportXml>