{
  "properties": {
    "connectionReferences": {
      "shared_commondataserviceforapps": {
        "runtimeSource": "embedded",
        "connection": {
          "connectionReferenceLogicalName": "dtk_sharedcommondataserviceforapps_a92d3"
        },
        "api": {
          "name": "shared_commondataserviceforapps"
        }
      }
    },
    "definition": {
      "$schema": "https://schema.management.azure.com/providers/Microsoft.Logic/schemas/2016-06-01/workflowdefinition.json#",
      "contentVersion": "1.0.0.0",
      "parameters": {
        "$connections": {
          "defaultValue": {},
          "type": "Object"
        },
        "$authentication": {
          "defaultValue": {},
          "type": "SecureObject"
        }
      },
      "triggers": {
        "manual": {
          "metadata": {
            "operationMetadataId": "1285ea6b-7678-4a60-aa03-0a9e26c12ff4"
          },
          "type": "Request",
          "kind": "Http",
          "inputs": {
            "method": "POST"
          }
        }
      },
      "actions": {
        "List_rows:_Tasks_older_than_2_hours": {
          "runAfter": {},
          "metadata": {
            "operationMetadataId": "de84e5d1-9909-48e9-901c-0306ece05d8b"
          },
          "type": "OpenApiConnection",
          "inputs": {
            "host": {
              "connectionName": "shared_commondataserviceforapps",
              "operationId": "ListRecords",
              "apiId": "/providers/Microsoft.PowerApps/apis/shared_commondataserviceforapps"
            },
            "parameters": {
              "entityName": "tasks",
              "$select": "activityid",
              "$filter": "createdon lt @{addHours(utcNow(),-2)}"
            },
            "authentication": "@parameters('$authentication')"
          }
        },
        "Apply_to_each": {
          "foreach": "@outputs('List_rows:_Tasks_older_than_2_hours')?['body/value']",
          "actions": {
            "Delete_a_row": {
              "runAfter": {},
              "metadata": {
                "operationMetadataId": "c4400252-e45f-4004-9173-5055565d0224"
              },
              "type": "OpenApiConnection",
              "inputs": {
                "host": {
                  "connectionName": "shared_commondataserviceforapps",
                  "operationId": "DeleteRecord",
                  "apiId": "/providers/Microsoft.PowerApps/apis/shared_commondataserviceforapps"
                },
                "parameters": {
                  "entityName": "tasks",
                  "recordId": "@items('Apply_to_each')?['activityid']"
                },
                "authentication": "@parameters('$authentication')"
              }
            }
          },
          "runAfter": {
            "List_rows:_Tasks_older_than_2_hours": [
              "Succeeded"
            ]
          },
          "metadata": {
            "operationMetadataId": "3238e63b-d6f8-4fe6-a0d6-b912bf429da6"
          },
          "type": "Foreach"
        }
      },
      "outputs": {}
    },
    "templateName": ""
  },
  "schemaVersion": "1.0.0.0"
}