<ImportExportXml version="9.2.23012.180" SolutionPackageVersion="9.2" languagecode="1033" generatedBy="CrmLive" xmlns:xsi="http://www.w3.org/2001/XMLSchema-instance">
  <SolutionManifest>
    <UniqueName>WokflowSchedulerBase</UniqueName>
    <LocalizedNames>
      <LocalizedName description="Wokflow Scheduler Base" languagecode="1033" />
    </LocalizedNames>
    <Descriptions>
      <Description description="Donostek Workflow Scheduler: Azure based. Webhook component provided separately.&#xA;Note: Cloud Flow &quot;Alert Stale Leads&quot; provided as a sample. Please refer to user manual for instructions.&#xA;1.0.16 - Added timezone name&#xA;1.0.20 - Added mode&#xA;1.0.21 - Added ExecutionMode &amp; Sample Unbound Flow" languagecode="1033" />
    </Descriptions>
    <Version>1.0.21</Version>
    <Managed>1</Managed>
    <Publisher>
      <UniqueName>donostek</UniqueName>
      <LocalizedNames>
        <LocalizedName description="Donostek" languagecode="1033" />
      </LocalizedNames>
      <Descriptions />
      <EMailAddress xsi:nil="true"></EMailAddress>
      <SupportingWebsiteUrl xsi:nil="true"></SupportingWebsiteUrl>
      <CustomizationPrefix>dtk</CustomizationPrefix>
      <CustomizationOptionValuePrefix>96321</CustomizationOptionValuePrefix>
      <Addresses>
        <Address>
          <AddressNumber>1</AddressNumber>
          <AddressTypeCode>1</AddressTypeCode>
          <City xsi:nil="true"></City>
          <County xsi:nil="true"></County>
          <Country xsi:nil="true"></Country>
          <Fax xsi:nil="true"></Fax>
          <FreightTermsCode xsi:nil="true"></FreightTermsCode>
          <ImportSequenceNumber xsi:nil="true"></ImportSequenceNumber>
          <Latitude xsi:nil="true"></Latitude>
          <Line1 xsi:nil="true"></Line1>
          <Line2 xsi:nil="true"></Line2>
          <Line3 xsi:nil="true"></Line3>
          <Longitude xsi:nil="true"></Longitude>
          <Name xsi:nil="true"></Name>
          <PostalCode xsi:nil="true"></PostalCode>
          <PostOfficeBox xsi:nil="true"></PostOfficeBox>
          <PrimaryContactName xsi:nil="true"></PrimaryContactName>
          <ShippingMethodCode>1</ShippingMethodCode>
          <StateOrProvince xsi:nil="true"></StateOrProvince>
          <Telephone1 xsi:nil="true"></Telephone1>
          <Telephone2 xsi:nil="true"></Telephone2>
          <Telephone3 xsi:nil="true"></Telephone3>
          <TimeZoneRuleVersionNumber xsi:nil="true"></TimeZoneRuleVersionNumber>
          <UPSZone xsi:nil="true"></UPSZone>
          <UTCOffset xsi:nil="true"></UTCOffset>
          <UTCConversionTimeZoneCode xsi:nil="true"></UTCConversionTimeZoneCode>
        </Address>
        <Address>
          <AddressNumber>2</AddressNumber>
          <AddressTypeCode>1</AddressTypeCode>
          <City xsi:nil="true"></City>
          <County xsi:nil="true"></County>
          <Country xsi:nil="true"></Country>
          <Fax xsi:nil="true"></Fax>
          <FreightTermsCode xsi:nil="true"></FreightTermsCode>
          <ImportSequenceNumber xsi:nil="true"></ImportSequenceNumber>
          <Latitude xsi:nil="true"></Latitude>
          <Line1 xsi:nil="true"></Line1>
          <Line2 xsi:nil="true"></Line2>
          <Line3 xsi:nil="true"></Line3>
          <Longitude xsi:nil="true"></Longitude>
          <Name xsi:nil="true"></Name>
          <PostalCode xsi:nil="true"></PostalCode>
          <PostOfficeBox xsi:nil="true"></PostOfficeBox>
          <PrimaryContactName xsi:nil="true"></PrimaryContactName>
          <ShippingMethodCode>1</ShippingMethodCode>
          <StateOrProvince xsi:nil="true"></StateOrProvince>
          <Telephone1 xsi:nil="true"></Telephone1>
          <Telephone2 xsi:nil="true"></Telephone2>
          <Telephone3 xsi:nil="true"></Telephone3>
          <TimeZoneRuleVersionNumber xsi:nil="true"></TimeZoneRuleVersionNumber>
          <UPSZone xsi:nil="true"></UPSZone>
          <UTCOffset xsi:nil="true"></UTCOffset>
          <UTCConversionTimeZoneCode xsi:nil="true"></UTCConversionTimeZoneCode>
        </Address>
      </Addresses>
    </Publisher>
    <RootComponents>
      <RootComponent type="1" schemaName="dtk_workflowschedule" behavior="0" />
      <RootComponent type="1" schemaName="dtk_workflowscheduleralertteam" behavior="0" />
      <RootComponent type="9" schemaName="dtk_executionmode" behavior="0" />
      <RootComponent type="29" id="{95da1723-fba8-ed11-aad1-000d3a57adbb}" behavior="0" />
      <RootComponent type="29" id="{d91d6ec6-e72e-4a0d-8d8c-c7b2f92d1f91}" behavior="0" />
      <RootComponent type="29" id="{ec33db73-a64c-eb11-a813-000d3a104eb0}" behavior="0" />
      <RootComponent type="61" schemaName="dtk_greenLight.png" behavior="0" />
      <RootComponent type="61" schemaName="dtk_redLight.png" behavior="0" />
      <RootComponent type="61" schemaName="dtk_showWFSStatus.js" behavior="0" />
      <RootComponent type="61" schemaName="dtk_supportUnrelatedLookupV2.js" behavior="0" />
      <RootComponent type="61" schemaName="dtk_WFSBusinessRules.js" behavior="0" />
      <RootComponent type="91" id="{cc5e59fe-c619-484f-bdb5-036798cf94a5}" schemaName="WorkflowScheduler, Version=1.0.0.0, Culture=neutral, PublicKeyToken=1dd859788eb1d8d8" behavior="0" />
      <RootComponent type="92" id="{de433e7b-296b-eb11-a812-000d3a4d8c80}" behavior="0" />
    </RootComponents>
    <MissingDependencies>
      <MissingDependency>
        <Required type="1" schemaName="lead" displayName="Lead" solution="msdynce_LeadManagement (9.0.4.0066)">
          <package>msdynce_LeadManagementAnchor (9.0.23012.10001)</package>
        </Required>
        <Dependent type="29" displayName="Alert Stale Leads" id="{ec33db73-a64c-eb11-a813-000d3a104eb0}" />
      </MissingDependency>
      <MissingDependency>
        <Required type="66" schemaName="driv_DR.TimePicker" displayName="driv_DR.TimePicker" solution="TimePickerPCF (1.0.0.7)" />
        <Dependent type="60" displayName="Workflow Scheduler - V6" parentDisplayName="Workflow Schedule" id="{9bfdb0fd-7a0d-4dcd-8ea7-dccbfd6b6bbc}" />
      </MissingDependency>
      <MissingDependency>
        <Required type="66" schemaName="hdn_hdn.SelectView" displayName="hdn_hdn.SelectView" solution="Active" />
        <Dependent type="60" displayName="Workflow Scheduler - V6" parentDisplayName="Workflow Schedule" id="{9bfdb0fd-7a0d-4dcd-8ea7-dccbfd6b6bbc}" />
      </MissingDependency>
      <MissingDependency>
        <Required type="66" schemaName="MscrmControls.FieldControls.EntityOptionSetControl" displayName="MscrmControls.FieldControls.EntityOptionSetControl" solution="BaseCustomControlsCore (9.0.2212.4020)" />
        <Dependent type="60" displayName="Workflow Scheduler - V6" parentDisplayName="Workflow Schedule" id="{9bfdb0fd-7a0d-4dcd-8ea7-dccbfd6b6bbc}" />
      </MissingDependency>
      <MissingDependency>
        <Required type="66" schemaName="MscrmControls.NumberInput.NumberInputControl" displayName="MscrmControls.NumberInput.NumberInputControl" solution="BaseCustomControlsCore (9.0.2212.4020)" />
        <Dependent type="60" displayName="Workflow Scheduler - V6" parentDisplayName="Workflow Schedule" id="{9bfdb0fd-7a0d-4dcd-8ea7-dccbfd6b6bbc}" />
      </MissingDependency>
    </MissingDependencies>
  </SolutionManifest>
</ImportExportXml>