{"properties":{"connectionReferences":{"shared_commondataserviceforapps":{"runtimeSource":"embedded","connection":{"connectionReferenceLogicalName":"dtk_sharedcommondataserviceforapps_a92d3"},"api":{"name":"shared_commondataserviceforapps"}}},"definition":{"$schema":"https://schema.management.azure.com/providers/Microsoft.Logic/schemas/2016-06-01/workflowdefinition.json#","contentVersion":"1.0.0.0","parameters":{"$connections":{"defaultValue":{},"type":"Object"},"$authentication":{"defaultValue":{},"type":"SecureObject"}},"triggers":{"manual":{"metadata":{"operationMetadataId":"99b6238e-6869-499e-9744-d27ac78181fc"},"type":"Request","kind":"Http","inputs":{"schema":{"type":"object","properties":{"leadid":{"type":"string"}}},"method":"POST"}}},"actions":{"Get_Lead":{"runAfter":{},"metadata":{"operationMetadataId":"b8c1aaa2-7726-4c21-aacb-5f13223b6f4c"},"type":"OpenApiConnection","inputs":{"host":{"connectionName":"shared_commondataserviceforapps","operationId":"GetItem","apiId":"/providers/Microsoft.PowerApps/apis/shared_commondataserviceforapps"},"parameters":{"entityName":"leads","recordId":"@triggerBody()?['leadid']"},"authentication":"@parameters('$authentication')"}},"Create_a_new_record":{"runAfter":{"Get_Lead":["Succeeded"]},"metadata":{"operationMetadataId":"00c10107-5e38-496e-bca7-9238e71470ba"},"type":"OpenApiConnection","inputs":{"host":{"connectionName":"shared_commondataserviceforapps","operationId":"CreateRecord","apiId":"/providers/Microsoft.PowerApps/apis/shared_commondataserviceforapps"},"parameters":{"entityName":"tasks","item/subject":"Possible stale lead - Checked on: @{convertFromUtc(utcNow(),'Eastern Standard Time')}","item/description":"@outputs('Get_Lead')?['body/fullname']"},"authentication":"@parameters('$authentication')"}}},"outputs":{}}},"schemaVersion":"1.0.0.0"}